0,twitter
Damien Abad,damienabad
Laurence Abeille,LaurenceAbeille
Ibrahim Aboubacar,
Élie Aboud,Elie_ABOUD
Bernard Accoyer,BernardAccoyer
Patricia Adam,
Sylviane Alaux,
Éric Alauzet,ericalauzet
Yves Albarello,YvesAlbarello
Brigitte Allain,BrigitteAllain
Jean-Pierre Allossery,
Nicole Ameline,nicoleameline
Pouria Amirshahi,PouriaAmirshahi
François André,FrancoisAndre35
Sylvie Andrieux,
Benoist Apparu,benoistapparu
Nathalie Appéré,nathalieappere
Kader Arif,
Laurence Arribagé,
François Asensi,
Christian Assaf,assaf2012
Isabelle Attard,
Julien Aubert,JulienAubert84
Olivier Audibert-Troin,
Danielle Auroi,
Pierre Aylagas,
Bruno Nestor Azerot,BNAzerot
Alexis Bachelay,ABachelay
Guillaume Bachelay,GBachelay
Jean-Paul Bacquet,jpbacquet
Dominique Baert,
Patrick Balkany,
Guy Bailliart,
Gérard Bapt,
Frédéric Barbier,Fred_Barbier
Jean-Pierre Barbier,
Serge Bardy,bardyserge
Claude Bartolone,claudebartolone
Christian Bataille,
Delphine Batho,
Marie-Noëlle Battistel,
Laurent Baumel,laurentbaumel
Philippe Baumel,philippebaumel
Denis Baupin,Denis_Baupin
Nicolas Bays,nicolasbays
Catherine Beaubatie,
Marie-Françoise Bechtel,MFBechtel
Jean-Marie Beffara,jmbeffara
Huguette Bello,
Luc Belot,LucBELOT
Jacques-Alain Bénisti,
Thierry Benoit,
Karine Berger,Karine_Berger
Sylvain Berrios,sy_berrios
Chantal Berthelot,
Véronique Besse,
Gisèle Biémouret,GiseleBiemouret
Philippe Bies,PhilippeBIES
Erwann Binet,erwannbinet
Jean-Pierre Blazy,jpblazy
Yves Blein,YVES_BLEIN
Jean-Luc Bleunven,JeanLucBleunven
Patrick Bloche,pbloche
Alain Bocquet,
Daniel Boisserie,
Jacques Bompard,JacquesBompard
Michèle Bonneton,
Marcel Bonnot,
Christophe Borgel,chborgel
Jean-Claude Bouchet,JCBOUCHET
Florent Boudié,florent_boudie
Marie-Odile Bouillé,
Christophe Bouillon,Chris_Bouillon
Gilles Bourdouleix,GBOURDOULEIX
Brigitte Bourguignon,BourguignonBrig
Malek Boutih,
Kheira Bouziane,
Valérie Boyer,valerieboyer13
Émeric Bréhier,
Marine Brenier,
Xavier Breton,bretonxavier
Philippe Briand,
Jean-Louis Bricout,
Jean-Jacques Bridey,
Bernard Brochand,
Isabelle Bruneau,IsabelleBrunea1
Marie-George Buffet,
Sabine Buis,
Jean-Claude Buisine,
Sylviane Bulteau,sylvianebulteau
Vincent Burroni,
Dominique Bussereau,Dbussereau
Alain Calmette,
Jean-Christophe Cambadélis,jccambadelis
Jean-Jacques Candelier,jjcandelier
Colette Capdevielle,c_capdevielle
Yann Capet,
Christophe Caresche,CCaresche
Marie-Arlette Carlotti,
Jean-Noël Carpentier,
Olivier Carré,olivier_carre
Fanélie Carrey-Conte,FCarreyConte
Gilles Carrez,GillesCarrez
Martine Carrillon-Couvreur,
Patrice Carvalho,
Christophe Castaner,CCastaner
Laurent Cathala,
Jean-Yves Caullet,JYCaullet
Christophe Cavard,ccavard
Yves Censi,
Nathalie Chabanne,Chabanne_Nat
Ary Chalus,
Guy Chambefort,guychambefort
Jean-Paul Chanteguet,
Marie-Anne Chapdelaine,ma_chapdelaine
Gérard Charasse,
Gaby Charroux,
Jérôme Chartier,jechartier
André Chassaigne,AndreChassaigne
Luc Chatel,LucChatel
Guy-Michel Chauveau,GMChauveau
Dominique Chauvel,deputeeChauvel
Pascal Cherki,pascalcherki
Gérard Cherpion,GerardCherpion
Guillaume Chevrollier,gchevrollier
Alain Chrétien,alainchretien
Jean-Louis Christ,
Dino Cinieri,
Jean-David Ciot,jdciot
Éric Ciotti,ECiotti
Alain Claeys,
Jean-Michel Clément,jmclement86
Stéphane Claireaux,
Marie-Françoise Clergeau,clergeaumf
Philippe Cochet,PhilippeCochet
Romain Colas,
Gilbert Collard,GilbertCollard
David Comet,
Jean-François Copé,jf_cope
Philip Cordery,PhilipCordery
François Cornut-Gentille,
Sergio Coronado,sergiocoronado
Valérie Corre,Valerie_Corre
Jean-Louis Costes,jeanlouiscostes
Jean-Jacques Cottel,cotteljj
Charles de Courson,C_deCourson
Édouard Courtial,EdouardCourtial
Catherine Coutelle,
Jean-Michel Couve,jmcouve
Jacques Cresta,JacquesCresta
Pascale Crozon,
Frédéric Cuvillier,
Seybah Dagoma,SeybahDagoma
Marie-Christine Dalloz,
Karine Daniel,
Yves Daniel,
Carlos Da Silva,DaSilvaCarlos91
Olivier Dassault,ODassault
Marc-Philippe Daubresse,DAUBRESSE_MP
Bernard Debré,Bernard_Debre
Jean-Pierre Decool,jpdecool
Bernard Deflesselles,
Laurent Degallaix,
Lucien Degauchy,
Pascal Deguilhem,
Rémi Delatte,
Florence Delaunay,
Michèle Delaunay,
Guy Delcourt,Guy_Delcourt
Carole Delga,CaroleDelga
Jacques Dellerie,
Pascal Demarthe,
Stéphane Demilly,
Sébastien Denaja,SebastienDenaja
Françoise Descamps-Crosnier,
Sophie Dessus,SophieDessus
Jean-Louis Destans,JLDestans
Michel Destot,mdestot
Patrick Devedjian,DevedjianP
Nicolas Dhuicq,
Sophie Dion,SophieDion74
Julien Dive,
Marc Dolez,
Fanny Dombre-Coste,
Jean-Pierre Door,doorjean
Dominique Dord,DominiqueDord
René Dosière,
Philippe Doucet,pdoucet
Sandrine Doucet,Doucet_Sandrine
David Douillet,DDouillet
Jeanine Dubié,
Françoise Dubois,fdubois2012
Marianne Dubois,DuboisMarianne
Virginie Duby-Muller,DubyMuller
Jean-Pierre Dufau,
Cécile Duflot,
Anne-Lise Dufour-Tonini,
Françoise Dumas,fdumasdeputee
William Dumas,william_dumas
Jean-Louis Dumont,
Laurence Dumont,
Nicolas Dupont-Aignan,dupontaignan
Jean-Paul Dupré,
Yves Durand,
Philippe Duron,PhilippeDuron
Olivier Dussopt,olivierdussopt
Éric Elkouby,
Henri Emmanuelli,
Corinne Erhel,c_erhel_deputee
Sophie Errante,SophieErrante
Marie-Hélène Fabre,MHFabre
Olivier Falorni,OlivierFalorni
Daniel Fasquelle,DFasquelle
Alain Fauré,
Martine Faure,MartineFaure
Olivier Faure,faureolivier
Yannick Favennec,yfavennec
Georges Fenech,GeorgesFENECH
Hervé Féron,
Richard Ferrand,RichardFerrand
Aurélie Filippetti,
François Fillon,FrancoisFillon
Geneviève Fioraso,
Philippe Folliot,philippefolliot
Marie-Louise Fort,
Yves Foulon,
Hugues Fourage,HuguesFourage
Jean-Marc Fournel,
Valérie Fourneyron,
Michèle Fournier-Armand,fournier_armand
Michel Françaix,michelfrancaix
Marc Francina,
Christian Franqueville,
Jacqueline Fraysse,
Jean-Christophe Fromantin,JCFromantin
Yves Fromion,
Jean-Claude Fruteau,
Laurent Furst,
Jean-Louis Gagnaire,JLGagnaire
Geneviève Gaillard,gaillard_2014
Yann Galut,yanngalut
Claude de Ganay,Cdganay
Sauveur Gandolfi-Scheit,
Guillaume Garot,
Renaud Gauquelin,
Hervé Gaymard,HGaymard
Annie Genevard,
Guy Geoffroy,
Bernard Gérard,bgerard59
Jean-Marc Germain,jmgermain
Alain Gest,Alain_Gest
Paul Giacobbi,pgiacobbi
Daniel Gibbs,
Franck Gilard,
Jean-Patrick Gille,jp_gille
Georges Ginesta,
Charles-Ange Ginésy,
Jean-Pierre Giran,JeanPierreGiran
Joël Giraud,
Jean Glavany,
Yves Goasdoué,
Claude Goasguen,ClaudeGoasguen
Daniel Goldberg,GoldbergDaniel
Philippe Gomès,
Jean-Pierre Gorges,
Geneviève Gosselin,
Philippe Gosselin,phgosselin
Pascale Got,
Marc Goua,
Philippe Goujon,Philippe_Goujon
Linda Gourjade,Linda_Gourjade
Laurent Grandguillaume,LGRANDGUILLAUME
Claude Greff,ClaudeGreff
Jean Grellier,Jean_Grellier
Arlette Grosskost,agrosskost
Serge Grouard,
Henri Guaino,
Françoise Guégot,fguegot
Édith Gueugneau,
Jean-Claude Guibal,jcguibal
Élisabeth Guigou,elisabethguigou
Jean-Jacques Guillet,jjguillet
Christophe Guilloteau,
Chantal Guittet,chantalguittet
David Habib,
Meyer Habib,
Razzy Hammadi,RHammadi
Benoît Hamon,
Mathieu Hanotin,MathieuHanotin
Michel Heinrich,
Michel Herbillon,
Antoine Herth,
Patrick Hetzel,
Francis Hillmeyer,
Gilda Hobert,
Philippe Houillon,PHouillon
Guénhaël Huet,
Joëlle Huillier,Joellehuillier
Christian Hutin,
Sébastien Huyghe,SebastienHuyghe
Monique Iborra,MoniqueIborra
Françoise Imbert,
Michel Issindou,
Christian Jacob,
Denis Jacquat,
Éric Jalton,EricJALTON
Serge Janquin,
Yves Jégo,yvesjego
Henri Jibrayel,henrijibrayel
Romain Joron,
Régis Juanico,Juanico
Laurent Kalinowski,
Marietta Karamanli,karamanli72
Philippe Kemel,philippekemel
Christian Kert,christian_kert
Chaynesse Khirouni,
Nathalie Kosciusko-Morizet,nk_m
Jacques Kossowski,jakossowski
Jacques Krabal,
Patrick Labaune,patricklabaune
Bernadette Laclais,
Valérie Lacroute,VLacroute
Conchita Lacuey,
Marc Laffineur,Marclaffineur
Jean-Christophe Lagarde,jclagarde
Sonia Lagarde,SoniaLagarde
François-Michel Lambert,fm_lambert
Jérôme Lambert,
Jacques Lamblin,
Jean-François Lamour,JF_Lamour
François Lamy,
Anne-Christine Lang,
Colette Langlade,
Guillaume Larrivé,GLarrive
Laure de La Raudière,lauredlr
Jean Lassalle,jeanlassalle
Jean Launay,
Jean-Luc Laurent,
Charles de La Verpillière,delaverpilliere
Thierry Lazaro,
Alain Lebœuf,
Marylise Lebranchu,
Pierre-Yves Le Borgn',pyleborgn
Jean-Yves Le Bouillonnec,
Patrick Lebreton,
Gilbert Le Bris,gilbertlebris
Isabelle Le Callennec,lecallennec
Anne-Yvonne Le Dain,Ayledain
Jean-Yves Le Déaut,
Viviane Le Dissez,
Vincent Ledoux,
Michel Lefait,MLEFAIT
Dominique Lefebvre,LefebvrePS
Frédéric Lefebvre,FLefebvre_RF
Marc Le Fur,marclefur
Annie Le Houérou,
Pierre Lellouche,LellouchePierre
Annick Le Loch,annick_leloch
Bruno Le Maire,BrunoLeMaire
Patrick Lemasle,
Dominique Le Mèner,lemenerdom
Catherine Lemorton,CathLEMORTON
Christophe Léonard,Ch_Leonard
Jean Leonetti,JeanLeonetti
Annick Lepetit,annick_lepetit
Pierre Lequiller,
Philippe Le Ray,PhilippeLERAY56
Jean-Pierre Le Roch,
Bruno Le Roux,BrunoLeRoux
Arnaud Leroy,ar_leroy
Marie-Thérèse Le Roy,
Maurice Leroy,MauriceLeroy
Michel Lesage,
Bernard Lesterlin,BLesterlin
Serge Letchimy,SergeLetchimy
Céleste Lett,
Marie Le Vern,
Geneviève Levy,
Michel Liebgott,
Martine Lignières-Cassou,Lignierescassou
Audrey Linkenheld,
François Loncle,
Gabrielle Louis-Carabin,
Lucette Lousteau,LucetteLousteau
Véronique Louwagie,
Lionnel Luca,lionnelluca06
Victorin Lurel,VictorinLurel
Gilles Lurton,gilleslurton
Jean-Pierre Maggi,jpmaggi_depute
Noël Mamère,noelmamere
Jean-François Mancel,JFMancel
Jacqueline Maquet,
Laurent Marcangeli,LMarcangeli
Marie-Lou Marcel,mloumarcel
Marion Maréchal-Le Pen,Marion_M_Le_Pen
Thierry Mariani,ThierryMARIANI
Alfred Marie-Jeanne,
Hervé Mariton,HerveMariton
Alain Marleix,MARLEIXAlain
Olivier Marleix,
Franck Marlin,franckmarlin
Jean-René Marsac,
Alain Marsaud,
Philippe Martin,
Philippe Armand Martin,DeputeMartin
Martine Martinel,MartineMartinel
Patrice Martin-Lalande,
Alain Marty,
Frédérique Massat,Fmassat09
Véronique Massonneau,VMassonneau
Jean-Claude Mathis,
Sandrine Mazetier,S_Mazetier
François de Mazières,
Michel Ménard,Michel_MENARD
Patrick Mennucci,patrickmennucci
Gérard Menuel,
Damien Meslot,
Kléber Mesquida,
Philippe Meunier,MeunierPh
Jean-Claude Mignon,JC_Mignon77
Sylvia Pinel,
Paul Molac,Paul_Molac
Pierre Morange,PierreMorange
Yannick Moreau,YannickMOREAU
Pierre Morel-A-L'Huissier,MORELPIERRE
Hervé Morin,Herve_Morin
Alain Moyne-Bressand,moyne_bressand
Pierre-Alain Muet,pierrealainmuet
Jacques Myard,
Philippe Naillet,
Dominique Nachury,
Philippe Nauche,PhilippeNauche
Yves Nicolin,
Nathalie Nieson,nnieson
Jean-Philippe Nilor,
Philippe Noguès,PhilippeNogues
Robert Olive,
Maud Olivier,OlivierMaud
Patrick Ollier,patrick_ollier
Dominique Orliac,
Monique Orphé,moniqueorphe
Michel Pajon,
Bertrand Pancher,BertrandPancher
Luce Pane,
Christian Paul,christianpaul58
Rémi Pauvros,
Germinal Peiro,germinalpeiro
Jacques Pélissard,pelissard
Hervé Pellois,HervePellois
Jean-Claude Perez,
Stéphanie Pernod-Beaudon,
Bernard Perrut,B_Perrut
Édouard Philippe,
Sébastien Pietrasanta,S_PIETRASANTA
Christine Pirès-Beaune,
Michel Piron,MichelPiron
Philippe Plisson,plisson2012
Élisabeth Pochon,
Jean-Frédéric Poisson,jfpoisson78
Bérengère Poletti,
Napole Polutélé75,
Axel Poniatowski,AxelPoniatowski
Josette Pons,
Pascal Popelin,pascalpopelin
Dominique Potier,PotierDominique
Michel Pouzol,MichelPouzol
Régine Povéda,
Patrice Prat,PatricePrat
Christophe Premat,
Christophe Priou,
Joaquim Pueyo,JoaquimPueyo
François Pupponi,fpupponi
Didier Quentin,
Catherine Quéré,
Valérie Rabault,Valerie_Rabault
Monique Rabin,moniqrabin
Dominique Raimbourg,Raimbourg2012
Marie Récalde,
Frédéric Reiss,
Jean-Luc Reitzer,
Marie-Line Reynaud,MLReynaud16
Bernard Reynès,bernardreynes
Franck Reynier,FranckReynier
Arnaud Richard,ArnaudRichard_
Pierre Ribeaud,
Franck Riester,franckriester
Eduardo Rihan Cypel,Rihan_Cypel
Thierry Robert,trobert974
Denys Robiliard,
Arnaud Robinet,ArnaudRobinet
Camille de Rocca Serra,CdeRoccaSerra
François Rochebloine,
Alain Rodet,
Marcel Rogemont,marcelrogemont
Sophie Rohfritsch,
Frédéric Roig,
Barbara Romagnan,bromagnan
Bernard Roman,
Gwendal Rouillard,G_ROUILLARD
Jean-Louis Roumégas,
René Rouquet,
Alain Rousset,al_rousset
François de Rugy,FdeRugy
Martial Saddier,
Maina Sage,
Boinali Saïd,
Stéphane Saint-André,AndrSaint
Paul Salen,
Rudy Salles,rudysalles
Nicolas Sansu,
Béatrice Santais,
André Santini,ASantini_UDI
Éva Sas,
Odile Saugues,
François Sauvadet,sauvadet
Gilbert Sauvan,
Gilles Savary,
François Scellier,
Claudine Schmid,Claudine_Schmid
André Schneider,
Roger-Gérard Schwartzenberg,
Gérard Sebaoun,gerardsebaoun
Jean-Marie Sermier,
Gabriel Serville,
Fernand Siré,
Christophe Sirugue,
Thierry Solère,solere92
Julie Sommaruga,JulieSOMMARUGA
Michel Sordi,
Éric Straumann,ericstraumann
Claude Sturni,
Alain Suguenot,A_Suguenot
Michèle Tabarot,MTabarot
Jonas Tahuaitu,
Suzanne Tallard,SuzanneTallard
Lionel Tardy,DeputeTardy
Jean-Charles Taugourdeau,JCTaugourdeau
Guy Teissier,guyteissier
Pascal Terrasse,pterrasse
Michel Terrot,
Jean-Marie Tétart,
Pascal Thévenot,
Thomas Thévenoud,tthevenoud
Dominique Tian,Dominique_TIAN
Sylvie Tolmont,SylvieTolmont
Jean-Louis Touraine,
Alain Tourret,AlainTourret
Stéphane Travert,StTRAVERT
Catherine Troallic,CaTroallic
Jean-Paul Tuaiva,
Cécile Untermaier,
Daniel Vaillant,danielvaillant
Jacques Valax,jvalax
François Vannson,fvannson
Catherine Vautrin,CaVautrin
Michel Vauzelle,Vauzelle
Francis Vercamer,
Patrice Verchère,
Fabrice Verdier,F_Verdier
Michel Vergnier,MichelVERGNIER
Jean-Sébastien Vialatte,JS_Vialatte
Arnaud Viala,arnaudviala
Philippe Vigier,VigierPhilippe
Jean-Pierre Vigier,
Patrick Vignal,PatrickVignal
François-Xavier Villain,fxvillain
Jean-Michel Villaumé,
Philippe Vitel,PhilippeVitel
Jean-Jacques Vlody,
Michel Voisin,
Jean-Luc Warsmann,
Laurent Wauquiez,laurentwauquiez
Patrick Weiten,
Éric Woerth,ericwoerth
Paola Zanetti,paolazanetti57
Marie-Jo Zimmermann,
Michel Zumkeller,MichelZumkeller
